INSERT INTO "ConnectQuestions" ("id","test_id","homework_id","publictest_id","question_id","video_id") VALUES (69,NULL,NULL,7,1,NULL),
 (70,NULL,NULL,7,2,NULL),
 (71,NULL,NULL,7,3,NULL),
 (72,NULL,NULL,7,4,NULL),
 (73,NULL,NULL,7,5,NULL),
 (74,NULL,NULL,7,6,NULL),
 (75,NULL,NULL,7,7,NULL),
 (76,NULL,NULL,7,8,NULL),
 (77,NULL,NULL,7,9,NULL),
 (78,NULL,NULL,7,10,NULL),
 (79,NULL,NULL,7,11,NULL),
 (80,NULL,NULL,7,12,NULL),
 (81,NULL,NULL,7,13,NULL),
 (82,NULL,NULL,7,15,NULL),
 (83,NULL,NULL,7,14,NULL),
 (84,NULL,NULL,7,16,NULL),
 (85,NULL,NULL,7,17,NULL),
 (86,NULL,17,NULL,1,NULL),
 (87,NULL,17,NULL,2,NULL),
 (88,NULL,17,NULL,3,NULL),
 (89,NULL,17,NULL,4,NULL),
 (90,NULL,17,NULL,5,NULL),
 (91,NULL,17,NULL,6,NULL),
 (92,NULL,17,NULL,7,NULL),
 (93,NULL,17,NULL,8,NULL),
 (94,NULL,17,NULL,9,NULL),
 (95,NULL,17,NULL,10,NULL),
 (96,NULL,17,NULL,11,NULL),
 (97,NULL,17,NULL,12,NULL),
 (98,NULL,17,NULL,13,NULL),
 (99,NULL,17,NULL,15,NULL),
 (100,NULL,17,NULL,14,NULL),
 (101,NULL,17,NULL,16,NULL),
 (102,NULL,17,NULL,17,NULL),
 (103,13,NULL,NULL,1,NULL),
 (104,13,NULL,NULL,2,NULL),
 (105,13,NULL,NULL,3,NULL),
 (106,13,NULL,NULL,4,NULL),
 (107,13,NULL,NULL,5,NULL),
 (108,13,NULL,NULL,6,NULL),
 (109,13,NULL,NULL,7,NULL),
 (110,13,NULL,NULL,8,NULL),
 (111,13,NULL,NULL,9,NULL),
 (112,13,NULL,NULL,10,NULL),
 (113,13,NULL,NULL,11,NULL),
 (114,13,NULL,NULL,12,NULL),
 (115,13,NULL,NULL,13,NULL),
 (116,13,NULL,NULL,15,NULL),
 (117,13,NULL,NULL,14,NULL),
 (118,13,NULL,NULL,16,NULL),
 (119,13,NULL,NULL,17,NULL);
INSERT INTO "Grade" ("id","grade_name") VALUES (1,'الصف الرابع الابتدائي'),
 (2,'الصف الخامس الابتدائي'),
 (3,'الصف السادس الابتدائي'),
 (4,'الصف الاول الاعدادي'),
 (5,'الصف الثاني الاعدادي'),
 (6,'الصف الثالث الاعدادي'),
 (7,'الصف الاول الثانوي'),
 (8,'الصف الثاني الثانوي'),
 (9,'الصف الثالث الثانوي');
INSERT INTO "Homework" ("id","homework_name","grade_id","created_at","term_id","cover") VALUES (17,'Ahmedfawzi first Homework',9,'2024-11-20T03:30',3,'/homework/cover_test.jpeg');
INSERT INTO "PublicTests" ("id","test_name","grade_id","created_at","term_id","expire_date") VALUES (7,'asdfasdfasdfad',9,'2024-11-13T03:35',3,'2024-11-18T03:36');
INSERT INTO "QuestionChoices" ("id","question_id","is_right_choice","the_choice") VALUES (5,2,0,'8'),
 (6,2,1,'10'),
 (7,2,0,'11'),
 (8,2,0,'12'),
 (9,3,0,'15'),
 (10,3,1,'20'),
 (11,3,0,'25'),
 (12,3,0,'30'),
 (13,4,0,'7'),
 (14,4,0,'8'),
 (15,4,0,'9'),
 (16,4,1,'10'),
 (17,5,1,'5'),
 (18,5,0,'9'),
 (19,5,0,'10'),
 (20,5,0,'13'),
 (21,6,0,'6'),
 (22,6,0,'7'),
 (23,6,1,'8'),
 (24,6,0,'9'),
 (25,7,0,'6'),
 (26,7,1,'8'),
 (27,7,0,'9'),
 (28,7,0,'10'),
 (29,8,0,'5'),
 (30,8,1,'10'),
 (31,8,0,'15'),
 (32,8,0,'20'),
 (33,9,0,'1/2'),
 (34,9,0,'2/3'),
 (35,9,1,'3/4'),
 (36,9,0,'1/5'),
 (37,10,0,'0.5'),
 (38,10,0,'0.6'),
 (39,10,0,'0.7'),
 (40,10,1,'0.75'),
 (41,11,0,'6'),
 (42,11,0,'7'),
 (43,11,1,'8'),
 (44,11,0,'9'),
 (45,12,0,'60 miles'),
 (46,12,0,'90 miles'),
 (47,12,1,'120 miles'),
 (48,12,0,'150 miles'),
 (49,13,0,'8 square units'),
 (50,13,0,'12 square units'),
 (51,13,1,'16 square units'),
 (52,13,0,'20 square units'),
 (53,14,0,'60 minutes'),
 (54,14,0,'90 minutes'),
 (55,14,1,'120 minutes'),
 (56,14,0,'150 minutes'),
 (57,15,0,'$30'),
 (58,15,1,'$40'),
 (59,15,0,'$45'),
 (60,15,0,'$50'),
 (170,1,0,'10'),
 (171,1,0,'12'),
 (172,1,0,'8'),
 (173,1,1,'11');
INSERT INTO "QuestionTextAnswers" ("id","question_id","the_answer") VALUES (1,16,'WxL'),
 (2,16,'4x5'),
 (3,16,'20'),
 (51,17,'3.14x7x2'),
 (52,17,'43.96');
INSERT INTO "Questions" ("id","question","grade_id","term_id","bank","image") VALUES (1,'What is the sum of 7 and 3?',9,3,1,'/img/h1.png'),
 (2,'What is the result of 15 minus 5?',9,3,1,NULL),
 (3,'What is 4 to the power of 5?',9,3,1,NULL),
 (4,'What is the quotient when 27 is divided by 3?',9,3,1,NULL),
 (5,'What is the result of the following expression: 2 + 3 * 4 - 5?',9,3,1,NULL),
 (6,'What is the square root of 64?',9,3,1,NULL),
 (7,'What is 2 to the power of 3?',9,3,1,NULL),
 (8,'What is 20% of 50?',9,3,1,NULL),
 (9,'What is 0.75 as a fraction in simplest form?',9,3,1,NULL),
 (10,'What is 3/4 as a decimal?',9,3,1,NULL),
 (11,'John has 5 apples and he buys 3 more. How many apples does John have now?',9,3,1,NULL),
 (12,'If a car travels at a speed of 60 miles per hour, how far will it travel in 2 hours?',9,3,1,NULL),
 (13,'A square has a side length of 4 units. What is the area of the square?',9,3,1,NULL),
 (14,'How many minutes are there in 2 hours?',9,3,1,NULL),
 (15,'If an item costs $50 and is on sale for 20% off, what is the sale price?',9,3,1,NULL),
 (16,'If Width = 4 units and Length = 5 units, what is the Area?',9,3,1,NULL),
 (17,'If radius = 7 units (use π ≈ 3.14), what is the Circumference?',9,3,1,NULL);
INSERT INTO "Teacher" ("id","username","password") VALUES ('46440691-e61c-4ef6-b1b9-a2347c204535','Bahaa Al Kindi','78081d4c6b84ad8826ab503c9f39157b57b3319776fd3cc99f9c9f040f243e9c');
INSERT INTO "TempUserAnswers" ("id","name","phone","question_id","text_answer","choice_answer","is_right","test_id") VALUES (21,'Japanese Scrambled Eggs','01128052395',1,NULL,10,0,7),
 (22,'Japanese Scrambled Eggs','01128052395',5,NULL,5,1,7),
 (23,'Japanese Scrambled Eggs','01128052395',6,NULL,8,1,7),
 (24,'Japanese Scrambled Eggs','01128052395',7,NULL,6,0,7),
 (25,'Japanese Scrambled Eggs','01128052395',8,NULL,10,1,7),
 (26,'Japanese Scrambled Eggs','01128052395',9,NULL,'3/4',1,7),
 (27,'Japanese Scrambled Eggs','01128052395',10,NULL,0.75,1,7),
 (28,'Japanese Scrambled Eggs','01128052395',11,NULL,8,1,7),
 (29,'Japanese Scrambled Eggs','01128052395',12,NULL,'120 miles',1,7),
 (30,'Japanese Scrambled Eggs','01128052395',13,NULL,'16 square units',1,7),
 (31,'Japanese Scrambled Eggs','01128052395',14,NULL,'120 minutes',1,7),
 (32,'Japanese Scrambled Eggs','01128052395',15,NULL,'$40',1,7),
 (33,'Japanese Scrambled Eggs','01128052395',16,'20',NULL,1,7),
 (34,'Japanese Scrambled Eggs','01128052395',16,'4x5',NULL,1,7),
 (35,'Japanese Scrambled Eggs','01128052395',16,'WxL',NULL,1,7),
 (36,'Japanese Scrambled Eggs','01128052395',17,'3.14x7x2',NULL,1,7),
 (37,'Japanese Scrambled Eggs','01128052395',17,'43.96',NULL,1,7),
 (38,'Japanese Scrambled Eggs','01128052395',3,NULL,20,1,7),
 (39,'Japanese Scrambled Eggs','01128052395',4,NULL,8,0,7),
 (40,'Japanese Scrambled Eggs','01128052395',2,NULL,10,1,7);
INSERT INTO "TempUserResult" ("id","name","phone","test_id","result","public") VALUES (2,'Japanese Scrambled Eggs','01128052395',7,'77.27%',0);
INSERT INTO "Terms" ("id","name") VALUES (1,'الفصل الدراسي الاول'),
 (2,'الفصل الدراسي الثاني'),
 (3,'none');
INSERT INTO "Tests" ("id","test_name","grade_id","created_at","expire_date","term_id","cover") VALUES (13,'asdfasdfasdfasdf',9,'2024-11-19T03:34','2024-11-23T03:34',3,'/test/cover_test.jpeg');
INSERT INTO "User" ("id","username","grade_id","password","isBlocked","BlockReason","parent_phone") VALUES ('1','احمد فوزي سيد مفتاح',9,'580b39eecacd3cf41616b346375066c92ef5630cd40fb5e30a84f49c7e9da841',0,'','01111366284');
INSERT INTO "UserAnswerHomework" ("id","user_id","question_id","text_answer","choice_answer","is_right","homework_id") VALUES (350,'1',1,NULL,10,1,17),
 (351,'1',2,NULL,10,1,17),
 (352,'1',3,NULL,20,1,17),
 (353,'1',4,NULL,7,0,17),
 (354,'1',5,NULL,5,1,17),
 (355,'1',6,NULL,6,0,17),
 (356,'1',7,NULL,8,1,17),
 (357,'1',8,NULL,10,1,17),
 (358,'1',9,NULL,'3/4',1,17),
 (359,'1',10,NULL,0.75,1,17),
 (360,'1',11,NULL,8,1,17),
 (361,'1',12,NULL,'120 miles',1,17),
 (362,'1',13,NULL,'16 square units',1,17),
 (363,'1',14,NULL,'120 minutes',1,17),
 (364,'1',15,NULL,'$40',1,17),
 (365,'1',16,'20',NULL,1,17),
 (366,'1',16,'4x5',NULL,1,17),
 (367,'1',16,'WxL',NULL,1,17),
 (368,'1',17,'3.14x7x2',NULL,1,17),
 (369,'1',17,'43.96',NULL,1,17);
INSERT INTO "UserAnswerQuestionsBank" ("id","user_id","question_id","text_answer","choice_answer","is_right") VALUES (3,'1',4,NULL,8,0),
 (4,'1',4,NULL,8,0),
 (5,'1',7,NULL,6,0),
 (6,'1',17,'3.14x7x2',NULL,1),
 (7,'1',17,'43.96',NULL,1),
 (8,'1',1,NULL,10,0),
 (9,'1',17,'3.14x7x2',NULL,1),
 (10,'1',17,'43.96',NULL,1),
 (11,'1',1,NULL,10,0),
 (12,'1',13,NULL,'16 square units',1),
 (13,'1',17,'3.14x7x2',NULL,1),
 (14,'1',17,'43.96',NULL,1),
 (15,'1',1,NULL,10,0),
 (16,'1',14,NULL,'120 minutes',1),
 (17,'1',13,NULL,'16 square units',1),
 (18,'1',17,'3.14x7x2',NULL,1),
 (19,'1',17,'43.96',NULL,1);
INSERT INTO "UserAnswerTest" ("id","user_id","question_id","text_answer","choice_answer","is_right","test_id") VALUES (82,'1',1,NULL,10,0,13),
 (83,'1',2,NULL,10,1,13),
 (84,'1',3,NULL,20,1,13),
 (85,'1',4,NULL,7,0,13),
 (86,'1',5,NULL,5,1,13),
 (87,'1',6,NULL,7,0,13),
 (88,'1',7,NULL,6,0,13),
 (89,'1',8,NULL,10,1,13),
 (90,'1',9,NULL,'3/4',1,13),
 (91,'1',10,NULL,0.75,1,13),
 (92,'1',11,NULL,8,1,13),
 (93,'1',12,NULL,'120 miles',1,13),
 (94,'1',13,NULL,'16 square units',1,13),
 (95,'1',14,NULL,'120 minutes',1,13),
 (96,'1',15,NULL,'$40',1,13),
 (97,'1',16,NULL,20,1,13),
 (98,'1',16,NULL,'4x5',1,13),
 (99,'1',16,NULL,'WxL',1,13),
 (100,'1',17,NULL,'3.14x7x2',1,13),
 (101,'1',17,NULL,43.96,1,13);
INSERT INTO "UserHomeworkResult" ("id","homework_id","user_id","result","public") VALUES (34,17,'1','90.00 %',0);
INSERT INTO "UserTestResult" ("id","test_id","user_id","result","public") VALUES (305,13,'1','80.00 %',0);
